,X,SYM,AUX,PROPN,DET,INTJ,NUM,PUNCT,CCONJ,SCONJ,ADV,ADP,ADJ,PART,NOUN,VERB,PRON,START,END
0,0.375,0.7096774193548387,0.9058171745152355,0.814993954050786,0.9757085020242915,0.0,0.9591836734693877,0.9960567823343849,0.9696132596685083,0.8282051282051283,0.967741935483871,0.9914757591901971,0.8040268456375839,1.0,0.9328859060402684,0.9363228699551569,0.9425287356321839,1.0,1.0
