,X,SYM,AUX,PROPN,DET,INTJ,NUM,PUNCT,CCONJ,SCONJ,ADV,ADP,ADJ,PART,NOUN,VERB,PRON,START,END
0,0,0.26666666666666666,0.2857142857142857,0.36363636363636365,0.8536585365853658,0,0.8255813953488372,0.9935103244837759,0.9565217391304348,0,0.9515331355093967,0.8928571428571429,0.9176029962546817,0.42857142857142855,0.6757226980728052,0.834052757793765,0.9238095238095239,1.0,1.0
