,X,SYM,AUX,PROPN,DET,INTJ,NUM,PUNCT,CCONJ,SCONJ,ADV,ADP,ADJ,PART,NOUN,VERB,PRON,START,END
0,0,0,0.8709677419354839,0.9637883008356546,0.9477351916376306,0.9428571428571428,0.9594594594594594,1.0,0.990521327014218,0.8926380368098159,0.9107289107289107,0.911158117398202,0.8112286411716843,0.9420654911838791,0.8628751974723539,0.8764312977099237,0.9571140262361252,1.0,1.0
