,X,SYM,AUX,PROPN,DET,INTJ,NUM,PUNCT,CCONJ,SCONJ,ADV,ADP,ADJ,PART,NOUN,VERB,PRON,START,END
0,0.46938775510204084,0.7692307692307693,0.9407294832826748,0.7350813743218807,0.9825953416943947,0,0.9605734767025089,1.0,0.9726840855106889,0.7696428571428572,0.9380165289256198,0.9881670015628489,0.7369959088252483,0,0.8620689655172413,0.8809742647058824,0.9577114427860697,1.0,1.0
