,X,SYM,AUX,PROPN,DET,INTJ,NUM,PUNCT,CCONJ,SCONJ,ADV,ADP,ADJ,PART,NOUN,VERB,PRON,START,END
0,0,0.25,0.2857142857142857,0.3333333333333333,0.8765432098765432,0,0.8279569892473119,0.9917695473251029,0.9574468085106383,0,0.9405351833498513,0.8904593639575972,0.900709219858156,0.42857142857142855,0.711331197203612,0.7748493975903614,0.911504424778761,1.0,1.0
