,X,SYM,AUX,PROPN,DET,INTJ,NUM,PUNCT,CCONJ,SCONJ,ADV,ADP,ADJ,PART,NOUN,VERB,PRON,START,END
0,0,0,0.8481481481481481,0.9775280898876404,0.8652912621359223,0.8648648648648649,0.971830985915493,1.0,0.9873817034700315,0.7508896797153025,0.9000839630562553,0.8587939698492463,0.9052369077306733,0.8214285714285714,0.8328387734915925,0.701123595505618,0.8976814516129032,1.0,1.0
