,X,SYM,AUX,PROPN,DET,INTJ,NUM,PUNCT,CCONJ,SCONJ,ADV,ADP,ADJ,PART,NOUN,VERB,PRON,START,END
0,0,0.12,0.2857142857142857,0.3333333333333333,0.8765432098765432,0,0.8229166666666666,0.9928825622775801,0.9574468085106383,0,0.9441117764471058,0.8904593639575972,0.8869257950530035,0.42857142857142855,0.7049227659881623,0.7784615384615384,0.911504424778761,1.0,1.0
