,X,SYM,AUX,PROPN,DET,INTJ,NUM,PUNCT,CCONJ,SCONJ,ADV,ADP,ADJ,PART,NOUN,VERB,PRON,START,END
0,0,0,0.8873499538319483,0.944578313253012,0.9838709677419355,0.8888888888888888,0.8807339449541285,0.9972677595628415,0.9905838041431262,0.8825622775800712,0.8896797153024911,0.9340659340659341,0.8085642317380353,0.9459459459459459,0.8777383066903494,0.8921518987341772,0.9724517906336089,1.0,1.0
