,X,SYM,AUX,PROPN,DET,INTJ,NUM,PUNCT,CCONJ,SCONJ,ADV,ADP,ADJ,PART,NOUN,VERB,PRON,START,END
0,0.4074074074074074,0.8260869565217391,0.8411458333333334,0.7381215469613259,0.9546485260770975,0,0.9611111111111111,0.9992101105845181,0.9914040114613181,0.8675675675675676,0.9511002444987775,0.9863445378151261,0.7863128491620112,1.0,0.9124444444444444,0.9314285714285714,0.917910447761194,1.0,1.0
