,X,SYM,AUX,PROPN,DET,INTJ,NUM,PUNCT,CCONJ,SCONJ,ADV,ADP,ADJ,PART,NOUN,VERB,PRON,START,END
0,0,0,0.8846863468634686,0.9448441247002398,0.9820322180916976,0.8888888888888888,0.8727272727272727,0.9977189781021898,0.9905838041431262,0.8916967509025271,0.8900836320191159,0.9324870167339873,0.80836820083682,0.9475890985324947,0.8787429587903943,0.8949771689497716,0.9729580573951435,1.0,1.0
