,X,SYM,AUX,PROPN,DET,INTJ,NUM,PUNCT,CCONJ,SCONJ,ADV,ADP,ADJ,PART,NOUN,VERB,PRON,START,END
0,0,0,0.8705234159779615,0.8914549653579676,0.9630086313193588,0.7441860465116279,0.8611111111111112,0.9977200182398541,0.9868913857677902,0.6694677871148459,0.8717632552404438,0.8767908309455588,0.887292817679558,0.8264462809917356,0.8600823045267489,0.8040665434380776,0.9576031656302996,1.0,1.0
