,X,SYM,AUX,PROPN,DET,INTJ,NUM,PUNCT,CCONJ,SCONJ,ADV,ADP,ADJ,PART,NOUN,VERB,PRON,START,END
0,0,0,0.8691358024691358,0.9691011235955056,0.9442508710801394,0.9428571428571428,0.9594594594594594,1.0,0.990521327014218,0.8895705521472392,0.9151565074135091,0.9118895966029724,0.8233333333333334,0.9419191919191919,0.859066708424679,0.8782234957020058,0.9546599496221663,1.0,1.0
