,X,SYM,AUX,PROPN,DET,INTJ,NUM,PUNCT,CCONJ,SCONJ,ADV,ADP,ADJ,PART,NOUN,VERB,PRON,START,END
0,0.0,0.057692307692307696,0.2,0.05555555555555555,0.8875,0.0,0.6076923076923076,0.9806678383128296,0.9183673469387755,0,0.5058823529411764,0.8689655172413793,0.552863436123348,0.6,0.9206259426847662,0.6746666666666666,0.7518248175182481,1.0,1.0
