,X,SYM,AUX,PROPN,DET,INTJ,NUM,PUNCT,CCONJ,SCONJ,ADV,ADP,ADJ,PART,NOUN,VERB,PRON,START,END
0,0.0,0,0.9448183041722745,0.6059544658493871,0.9634002361275088,0.8461538461538461,0.6635514018691588,0.9994791666666667,0.9796875,0.7972602739726027,0.8653696498054475,0.9577543079488605,0.8185550082101807,0.9689119170984456,0.9346338124572211,0.8588125292192613,0.9442508710801394,1.0,1.0
