,X,SYM,AUX,PROPN,DET,INTJ,NUM,PUNCT,CCONJ,SCONJ,ADV,ADP,ADJ,PART,NOUN,VERB,PRON,START,END
0,0.0,0,0.9245283018867925,0.6094570928196147,0.8416075650118203,0.8205128205128205,0.6448598130841121,0.9994788952579469,0.978125,0.5769230769230769,0.8342412451361868,0.9499165275459098,0.5957271980279375,0.8341968911917098,0.864290610006854,0.8745905474964905,0.8863976083707026,1.0,1.0
