,X,SYM,AUX,PROPN,DET,INTJ,NUM,PUNCT,CCONJ,SCONJ,ADV,ADP,ADJ,PART,NOUN,VERB,PRON,START,END
0,0.17557251908396945,0.8955223880597015,0.9702194357366771,0.6797658862876255,0.9917334022216482,0,0.8158295281582952,0.9961725817675713,0.9381443298969072,0.9369565217391305,0.8901960784313725,0.9928218932256617,0.8220338983050848,0.0,0.9018241442918631,0.8619604316546763,0.8555555555555555,1.0,1.0
