,X,SYM,AUX,PROPN,DET,INTJ,NUM,PUNCT,CCONJ,SCONJ,ADV,ADP,ADJ,PART,NOUN,VERB,PRON,START,END
0,0.0,0,0.9487870619946092,0.6042031523642732,0.9609929078014184,0.8461538461538461,0.6635514018691588,0.9994788952579469,0.9796875,0.7967032967032966,0.864591439688716,0.9560378408458542,0.8118323746918652,0.966321243523316,0.9400274160383825,0.86055217594759,0.9441953163926258,1.0,1.0
