,X,SYM,AUX,PROPN,DET,INTJ,NUM,PUNCT,CCONJ,SCONJ,ADV,ADP,ADJ,PART,NOUN,VERB,PRON,START,END
0,0.1956521739130435,0.88,0.9879154078549849,0.823960880195599,0.9917695473251029,0.0,0.8173913043478261,0.9952718676122931,0.8841309823677582,0.9584569732937686,0.9154929577464789,0.9856991525423728,0.8926974664679582,1.0,0.9316353887399463,0.893071000855432,0.9070796460176991,1.0,1.0
