,X,SYM,AUX,PROPN,DET,INTJ,NUM,PUNCT,CCONJ,SCONJ,ADV,ADP,ADJ,PART,NOUN,VERB,PRON,START,END
0,0.2391304347826087,0.76,0.9758308157099698,0.8166259168704156,0.9900058788947678,0.0,0.7521739130434782,0.9968479117415288,0.871536523929471,0.9525222551928784,0.9131455399061033,0.9947033898305084,0.8390461997019374,1.0,0.91733690795353,0.8366124893071001,0.8163716814159292,1.0,1.0
