,X,SYM,AUX,PROPN,DET,INTJ,NUM,PUNCT,CCONJ,SCONJ,ADV,ADP,ADJ,PART,NOUN,VERB,PRON,START,END
0,0.0,0,0.9706774519716885,0.6817391304347826,0.9765865680837954,0.8205128205128205,0.7559055118110236,0.9981751824817519,0.9868667917448405,0.8790035587188612,0.7894736842105263,0.9630071599045346,0.837979094076655,0.9420289855072463,0.9361567635903919,0.8556149732620321,0.9702806824435883,1.0,1.0
