,X,SYM,AUX,PROPN,DET,INTJ,NUM,PUNCT,CCONJ,SCONJ,ADV,ADP,ADJ,PART,NOUN,VERB,PRON,START,END
0,0.0,0.057692307692307696,0.2,0.05555555555555555,0.8875,0.0,0.5923076923076923,0.9882835383714118,0.9183673469387755,0,0.5074866310160427,0.8689655172413793,0.5594713656387665,0.6,0.920814479638009,0.686,0.7518248175182481,1.0,1.0
