,X,SYM,AUX,PROPN,DET,INTJ,NUM,PUNCT,CCONJ,SCONJ,ADV,ADP,ADJ,PART,NOUN,VERB,PRON,START,END
0,0.0,0.07692307692307693,0.2,0.05555555555555555,0.875,0.0,0.5461538461538461,0.9865260691271236,0.8979591836734694,0,0.5144385026737968,0.8620689655172413,0.539647577092511,0.6,0.9519230769230769,0.5796666666666667,0.708029197080292,1.0,1.0
