,X,SYM,AUX,PROPN,DET,INTJ,NUM,PUNCT,CCONJ,SCONJ,ADV,ADP,ADJ,PART,NOUN,VERB,PRON,START,END
0,0.0,0,0.9696663296258847,0.6852173913043478,0.9765865680837954,0.8205128205128205,0.7559055118110236,0.9977189781021898,0.9868667917448405,0.8790035587188612,0.7842105263157895,0.964200477326969,0.8414634146341463,0.9358178053830227,0.9367888748419722,0.8575595527467185,0.9702806824435883,1.0,1.0
