,X,SYM,AUX,PROPN,DET,INTJ,NUM,PUNCT,CCONJ,SCONJ,ADV,ADP,ADJ,PART,NOUN,VERB,PRON,START,END
0,0.0,0,0.9585439838220424,0.671304347826087,0.9624152803450401,0.8205128205128205,0.7322834645669292,0.9981751824817519,0.9887429643527205,0.8505338078291815,0.7442105263157894,0.9128878281622912,0.6994773519163763,0.8281573498964804,0.9247787610619469,0.8458920758385999,0.9323059988992846,1.0,1.0
